-- =============================================
-- The Dish Archive — Full Seed Data
-- PostgreSQL compatible
-- Tables are auto-created by TypeORM synchronize
-- Run this AFTER the app creates the tables
-- =============================================

-- Clean existing data
TRUNCATE TABLE cooking_steps, ingredients, dish_images, changelog, dishes CASCADE;

-- ──────────────────────────────────────────────
-- DISHES
-- ──────────────────────────────────────────────

INSERT INTO dishes (id, title, slug, description, rating, "priceAmount", "priceCurrency", "preparationTime", "cookingTimeMins", "totalTime", calories, servings, difficulty, tags, categories, "tasteSweet", "tasteSalty", "tasteSour", "tasteBitter", "tasteSpicy", "tasteUmami", notes, "sourceUrl", "createdAt", "updatedAt") VALUES

('dish-001', 'Ліниві хачапурі', 'lynyvi-khachapuri-bez-dukhovky', 'Швидкі ліниві хачапурі на сковороді — м''яке тісто на сметані з тягучою начинкою з моцарели та сулугуні. Ідеальний сніданок за 30 хвилин.', 5, 350, 'UAH', 15, 20, 35, 320, 4, 'easy', '{"хачапурі","сніданок","на сковороді","сир","без духовки"}', '{"breakfast","quick","everyday"}', 1, 3, 1, 0, 0, 4, 'Борошна може піти трохи більше або менше — орієнтуйтеся на консистенцію тіста. Смажити обов''язково під кришкою, щоб сир всередині добре розплавився.', 'https://www.instagram.com/reel/DT5VVNfCJsn/', '2026-02-08T10:00:00.000Z', '2026-02-28T09:38:58.738Z'),

('dish-002', 'Млинці на молоці', 'mlyntsi-na-molotsi', 'Перевірені пропорції для ідеальних тоненьких млинців — тісто міцне, але м''якеньке. Більше молока — тонші, менше — суттєвіші. Для солоної начинки — 1 ст.л. цукру.', 5, 120, 'UAH', 10, 30, 40, 190, 15, 'easy', '{"млинці","сніданок","на молоці","класика","тісто"}', '{"breakfast","quick","everyday","snack"}', 2, 1, 0, 0, 0, 1, 'Додаємо половину молока і ВСЕ борошно на етапі густого тіста — так легше уникнути грудочок. Тісто можна зберігати як заготовку, але тоді краще замінити масло на олію або дати тісту відійти від холодильника перед приготуванням.', 'https://www.instagram.com/p/DTlJVJPiNmc/', '2026-02-08T11:00:00.000Z', '2026-02-08T11:00:00.000Z'),

('dish-003', 'Млинці-брізолі з курячим фаршем', 'mlyntsi-brizoli-z-kuriachym-farshem', 'Яєчні млинці з курячим фаршем, сиром та маринованими огірками або помідорами, запечені у духовці. Ідеальний варіант для обіду чи вечері.', 5, 280, 'UAH', 20, 30, 50, 210, 6, 'easy', '{"брізолі","курка","фарш","у духовці","білкове"}', '{"lunch","dinner","everyday","healthy"}', 0, 3, 1, 0, 1, 4, 'Начинки можуть бути різними — перець, гриби, шпинат. Робіть млинці якомога тоншими. Можна комбінувати два варіанти начинки: частину з огірками, частину з помідорами.', 'https://www.instagram.com/reel/DGqz03ptyUK/', '2026-02-08T12:00:00.000Z', '2026-02-08T12:00:00.000Z'),

('dish-004', 'Човники з червоною рибою та овочами', 'chovnyky-z-chervonoiu-ryboiu', 'Запечена червона риба з овочами в пергаментних човниках під медово-соєвим соусом з гірчицею. Швидка, збалансована і дуже смачна вечеря для всієї сім''ї.', 5, 550, 'UAH', 10, 25, 35, 250, 2, 'easy', '{"риба","червона риба","у духовці","овочі","соус"}', '{"dinner","healthy","quick"}', 2, 3, 1, 0, 0, 5, 'Овочі можна брати будь-які на свій смак — спаржа, броколі Bimi теж чудово підходять. Якщо використовуєте філе, надріжте його для кращого пропікання.', 'https://www.instagram.com/reel/DFu_8MAty1V/', '2026-02-08T13:00:00.000Z', '2026-02-08T13:00:00.000Z'),

('dish-005', 'Маковий кранч', 'makovyi-kranch', 'М''яке, повітряне дріжджове тісто з щедрою маковою начинкою, сплетене у красиву косичку. Ідеальна випічка до чаю чи кави.', 5, 300, 'UAH', 90, 35, 125, 380, 8, 'medium', '{"випічка","мак","дріжджове тісто","кранч","солодке"}', '{"baking","dessert","festive"}', 4, 0, 0, 1, 0, 1, 'Борошна краще трохи недосипати, ніж перебити — тісто має бути м''яким і злегка розпливатися. На етапі начинки можна додати ~80 г сухофруктів (наприклад, курагу), попередньо замочивши — маса стане пластичнішою.', 'https://www.instagram.com/reel/DQWWkeODByX/', '2026-02-08T14:00:00.000Z', '2026-02-08T14:00:00.000Z'),

('dish-006', 'Запіканка з макаронами та фаршем', 'zapikanka-z-makaronamy-ta-farshem', 'Ситна запіканка з макаронами, фаршем, вершковим соусом та сиром. Простий рецепт для смачної родинної вечері.', 5, 280, 'UAH', 15, 30, 45, 350, 6, 'easy', '{"запіканка","макарони","фарш","у духовці","вершки"}', '{"dinner","everyday"}', 0, 3, 0, 0, 1, 4, 'Макарони краще недоварити, бо вони дійдуть у духовці. Сир бере будь-який, що добре плавиться.', 'https://www.instagram.com/reel/DPy7iPejJWo/', '2026-02-08T15:00:00.000Z', '2026-02-08T15:00:00.000Z'),

('dish-007', 'Шоколадна ковбаска', 'shokoladna-kovbaska', 'Класичний десерт з дитинства — шоколадна ковбаска з печива, горіхів, какао та вершкового масла. Без випікання!', 5, 250, 'UAH', 20, 0, 200, 420, 8, 'easy', '{"десерт","без випікання","шоколад","дитинство","печиво"}', '{"dessert","snack"}', 5, 0, 0, 2, 0, 1, 'Печиво бажано ламати руками, а не молоти в крихту — так ковбаска буде цікавішою за текстурою.', 'https://www.instagram.com/reel/CxgEotdNEj7/', '2026-02-08T15:30:00.000Z', '2026-02-08T15:30:00.000Z'),

('dish-008', 'Бюджетні млинці без яєць та молока', 'biudzhetni-mlyntsi-bez-yaiets-ta-moloka', 'Найпростіший рецепт млинців — лише борошно, вода і сіль. За бажанням можна додати 1 яйце. Ідеально коли немає продуктів або під час блекауту.', 4, 30, 'UAH', 5, 25, 30, 150, 10, 'easy', '{"млинці","бюджетно","без яєць","без молока","просто"}', '{"breakfast","quick","everyday","vegetarian"}', 0, 1, 0, 0, 0, 0, 'Рецепт максимально бюджетний — підходить, коли в холодильнику майже нічого немає. Можна начинити будь-чим: фаршем, сиром, джемом.', 'https://www.instagram.com/reel/DL5CLrZxhNz/', '2026-02-08T16:00:00.000Z', '2026-02-08T16:00:00.000Z'),

('dish-009', 'Чебуреки', 'chebureki', 'Хрусткі чебуреки з соковитою м''ясною начинкою — заварне тісто на окропі з фаршем яловичини та свинини з кінзою. Класика вуличної їжі вдома.', 5, 250, 'UAH', 30, 30, 120, 300, 10, 'medium', '{"чебуреки","фарш","смажене","тісто","м''ясо"}', '{"dinner","snack","everyday"}', 0, 3, 0, 0, 2, 4, 'Головний секрет соковитих чебуреків — крижана вода в начинці. Тісто обов''язково має відпочити в холодильнику мінімум 1 годину.', 'https://www.instagram.com/reel/C-s_3fhtNmU/', '2026-02-08T16:30:00.000Z', '2026-02-08T16:30:00.000Z'),

('dish-010', 'Булочки з маком', 'bulochky-z-makom', 'Пухкі дріжджові булочки з щедрою маковою начинкою. Тісто на опарі виходить м''яке та повітряне.', 5, 200, 'UAH', 60, 25, 85, 350, 10, 'medium', '{"булочки","мак","дріжджове тісто","випічка","солодке"}', '{"baking","dessert","snack"}', 4, 0, 0, 1, 0, 1, 'Готову макову начинку можна купити або зробити самостійно — мак проварити, перемолоти з цукром.', 'https://www.instagram.com/reel/CqVkNXjjZsT/', '2026-02-08T17:00:00.000Z', '2026-02-08T17:00:00.000Z'),

('dish-011', 'Фінський млинець-рулет у духовці', 'finskyi-mlynets-rulet-u-dukhovtsi', 'Великий пухкий млинець, запечений у духовці і скручений у рулет з кокосовою стружкою. Простий і ефектний сніданок.', 5, 150, 'UAH', 10, 20, 30, 280, 4, 'easy', '{"млинець","фінський","духовка","рулет","кокос"}', '{"breakfast","baking","quick"}', 3, 1, 0, 0, 0, 1, 'Скручувати потрібно поки млинець ще гарячий — так він не тріскається. Замість кокосу можна використати джем, нутеллу або ягоди.', 'https://www.instagram.com/reel/DM9ucOjo3GV/', '2026-02-08T17:30:00.000Z', '2026-02-08T17:30:00.000Z'),

('dish-012', 'Картопля з фаршем у духовці', 'kartoplia-z-farshem-u-dukhovtsi', 'Картопля з м''ясним фаршем, запечена під сметанно-томатною заливкою. Проста, ситна і дуже смачна страва на кожен день.', 5, 200, 'UAH', 15, 45, 60, 280, 4, 'easy', '{"картопля","фарш","у духовці","сметана","томатна паста"}', '{"dinner","everyday","lunch"}', 1, 3, 1, 0, 1, 4, 'Картоплю нарізайте не надто товсто, щоб вона встигла пропектися разом із фаршем. За бажанням можна посипати сиром за 5 хвилин до готовності.', 'https://www.instagram.com/reel/DManxfhoBvQ/', '2026-02-08T18:00:00.000Z', '2026-02-08T18:00:00.000Z'),

('dish-013', 'Яблучний пиріг з дитинства', 'yabluchnyi-pyrih-z-dytynstva', 'Ніжний яблучний пиріг з м''яким тістом і шматочками яблук — простий, як з дитинства. Мінімум інгредієнтів, максимум смаку.', 5, 120, 'UAH', 15, 30, 45, 310, 6, 'easy', '{"пиріг","яблука","випічка","дитинство","солодке"}', '{"baking","dessert"}', 4, 0, 2, 0, 0, 0, 'Яблука краще брати кисло-солодкі. Пиріг особливо смачний теплим, із кулькою ванільного морозива або ложкою сметани.', 'https://www.instagram.com/reel/DNkUlEhInpM/', '2026-02-08T18:30:00.000Z', '2026-02-08T18:30:00.000Z'),

('dish-014', 'Вареники з вишнею', 'varenyky-z-vyshneiu', 'Домашні вареники з вишнею — еластичне тісто на воді та олії з соковитою ягідною начинкою. Подавати з маслом, цукром або вишневим соусом.', 5, 180, 'UAH', 40, 10, 50, 220, 6, 'medium', '{"вареники","вишня","тісто","ягоди","домашні"}', '{"dinner","everyday","dessert"}', 4, 1, 3, 0, 0, 0, 'Тісто дуже еластичне та не потребує додаткового борошна. Подавати з вершковим маслом і цукром або з вишневим соусом (1 склянка вишні, 1 ст.л. крохмалю, 1–2 ст.л. цукру, ~50 г води — прогріти до загущення). Вихід — ~36 штук.', 'https://www.instagram.com/reel/C8Zdsz1Naro/', '2026-02-08T19:00:00.000Z', '2026-02-08T19:00:00.000Z'),

('dish-015', 'Кекс Зебра', 'keks-zebra', 'Класичний двоколірний кекс Зебра — м''який, вологий, з красивим смугастим візерунком. Простий у приготуванні фаворит серед кексів.', 5, 200, 'UAH', 15, 50, 65, 360, 8, 'easy', '{"кекс","зебра","какао","випічка","класика"}', '{"baking","dessert"}', 4, 0, 1, 1, 0, 1, 'Дати кексу повністю охолонути перед нарізанням. Особливо смачний з молоком чи чаєм.', 'https://www.instagram.com/reel/DAlogDetFP4/', '2026-02-08T19:30:00.000Z', '2026-02-08T19:30:00.000Z'),

('dish-016', 'Гуляш зі свинини з овочами', 'huliash-zi-svynyny-z-ovochamy', 'Ситний гуляш зі свинини з картоплею, морквою, грибами та томатною пастою — повноцінна вечеря в одній сковорідці.', 5, 350, 'UAH', 15, 40, 55, 320, 6, 'easy', '{"гуляш","свинина","картопля","гриби","одна сковорідка"}', '{"dinner","everyday","lunch"}', 1, 3, 1, 0, 1, 5, 'Борошно додається для загущення соусу. Спеції за смаком — паприка, лавровий лист, сушений часник чудово пасують.', 'https://www.instagram.com/reel/DJFCFSqtcxc/', '2026-02-08T20:00:00.000Z', '2026-02-08T20:00:00.000Z'),

('dish-017', 'Різдвяна зірка', 'rizdviana-zirka', 'Святкова дріжджова випічка у формі зірки з начинкою — красива, м''яка та ароматна. Чудовий десерт для святкового столу.', 5, 250, 'UAH', 80, 25, 105, 340, 8, 'medium', '{"зірка","дріжджове тісто","різдво","свято","випічка"}', '{"baking","dessert","festive"}', 4, 0, 0, 0, 0, 1, 'Начинка може бути будь-якою — маковою, горіховою, з корицею та цукром, або навіть нутеллою. Зірку краще формувати на пергаменті, щоб легко перенести на деко.', 'https://www.instagram.com/reel/DSc02ZADGmG/', '2026-02-08T20:30:00.000Z', '2026-02-08T20:30:00.000Z'),

('dish-018', 'Узбекський плов', 'uzbekskyi-plov', 'Класичний узбекський плов зі свининою, довгим рисом, морквою та часником. Ароматний, ситний та дуже смачний — готується в одній каструлі.', 5, 300, 'UAH', 40, 80, 120, 350, 6, 'medium', '{"плов","рис","свинина","узбекський","м''ясо"}', '{"dinner","lunch","everyday"}', 1, 3, 0, 0, 2, 5, 'Рис краще брати довгий пропарений — він не злипається. Моркву нарізати саме соломкою, не натирати. Часник закладається цілою головкою і подається окремо.', 'https://www.instagram.com/reel/C_ntXtEt25D/', '2026-02-08T21:00:00.000Z', '2026-02-08T21:00:00.000Z'),

('dish-019', 'Піцабони', 'pitsabony', 'Швидка закуска з листкового тіста з начинкою з шинки, сиру та томатної пасти. Рулетики нарізаються кружальцями та запікаються — ідеальний перекус.', 5, 180, 'UAH', 10, 20, 30, 290, 6, 'easy', '{"піца","листкове тісто","шинка","сир","закуска"}', '{"snack","quick","everyday"}', 0, 3, 1, 0, 0, 4, 'Начинку можна змінювати — додавати гриби, оливки, перець. Тісто краще не розморожувати повністю, щоб легше було працювати.', 'https://www.instagram.com/reel/DPBAlaEjED3/', '2026-02-08T21:30:00.000Z', '2026-02-08T21:30:00.000Z'),

('dish-020', 'Трдельник', 'trdelnyk', 'Чеський трдельник — дріжджове тісто, намотане спіраллю на валик і випечене до золотистої хрусткої скоринки. Обвалюється у суміші цукру, кориці та горіхів або кокосовій стружці.', 5, 250, 'UAH', 90, 20, 110, 380, 6, 'medium', '{"трдельник","чеська кухня","дріжджове тісто","випічка","вулична їжа"}', '{"baking","dessert","festive"}', 5, 0, 0, 0, 1, 1, 'У духовці можна використати конуси з фольги або металеві трубки. Для шоколадного варіанту — полити розтопленим шоколадом та посипати кокосовою стружкою. Подавати гарячим, можна наповнити морозивом або збитими вершками.', 'https://www.instagram.com/reel/DQyWXRlCPzX/', '2026-02-08T22:00:00.000Z', '2026-02-08T22:00:00.000Z'),

('dish-021', 'Cinnamon Bows', 'cinnamon-bows', 'Різдвяна випічка у формі бантиків з корицею — cute cinnamon rolls у формі бантиків. Рецепт потребує допрацювання.', 0, 0, 'UAH', 0, 0, 0, 0, 0, 'medium', '{"кориця","різдво","булочки","бантики","TODO"}', '{"baking","dessert","festive"}', 0, 0, 0, 0, 0, 0, '⚠️ РЕЦЕПТ НЕ ЗАПОВНЕНИЙ — потрібно знайти або написати рецепт. Джерело — англомовний пост без детальних вимірювань.', 'https://www.instagram.com/reel/DRP3r2QiAfZ/', '2026-02-08T22:30:00.000Z', '2026-02-08T22:30:00.000Z'),

('dish-022', 'Чізкейк «Snickers»', 'chizkejk-snickers', 'Розкішний чізкейк у стилі батончика Snickers — пісочна основа з какао, ніжна сирна начинка, домашня карамель з підсмаженим арахісом зверху. Ідеальний святковий десерт.', 5, 650, 'UAH', 30, 55, 505, 420, 8, 'hard', '{"чізкейк","снікерс","карамель","арахіс","какао","крем сир"}', '{"dessert","baking","festive"}', 5, 2, 1, 1, 0, 1, 'Чізкейк обов''язково потрібно повністю охолодити перед нанесенням карамелі. Карамель має бути теплою, але не гарячою, інакше чізкейк може потріскатися. Найкраще залишити в холодильнику на ніч.', 'https://www.instagram.com/reel/DPI8GmBDIvq/', '2026-02-08T23:00:00.000Z', '2026-02-08T23:00:00.000Z'),

('dish-023', 'Ягідні кекси', 'yahidni-keksy', 'Швидкі ягідні кекси за кілька хвилин — м''яке тісто з чорницями або будь-якими сезонними ягодами. Ідеальна літня випічка на 10-12 штук.', 5, 180, 'UAH', 10, 20, 30, 250, 12, 'easy', '{"кекси","ягоди","чорниці","випічка","швидко"}', '{"baking","dessert","quick"}', 4, 0, 1, 0, 0, 0, 'Можна використовувати будь-які сезонні ягоди. Якщо ягоди кислі (наприклад, смородина), варто додати більше цукру. Кількість кексів залежить від розміру форми — 10-12 шт.', 'https://www.instagram.com/reel/DLmszEftALn/', '2026-02-08T23:30:00.000Z', '2026-02-08T23:30:00.000Z'),

('dish-024', 'Високобілковий хліб', 'vysokobilkovyj-khlib', 'Корисний високобілковий хліб без борошна — на основі вівсяних пластівців та кисломолочного сиру. Ідеальна основа для бутербродів з авокадо або рибкою. Вихід — 2 булки.', 4, 200, 'UAH', 10, 50, 60, 180, 2, 'easy', '{"хліб","високобілковий","корисний","без борошна","вівсянка","ПП"}', '{"healthy","breakfast","baking"}', 0, 2, 1, 0, 0, 2, 'Можна використовувати безглютенову вівсянку та безлактозний сир. Чудово поєднується з авокадо, рибою або іншими корисними жирами для повноцінного прийому їжі.', 'https://www.instagram.com/reel/DLXw9EuNAym/', '2026-02-08T23:45:00.000Z', '2026-02-08T23:45:00.000Z'),

('dish-025', 'Сінабони з корицею', 'sinabony-z-koryceyu', 'Класичні сінабони — м''які дріжджові булочки з начинкою з кориці та цукру, покриті ніжним кремом з крем-сиру. Вихід — 8-10 штук.', 5, 350, 'UAH', 40, 35, 195, 380, 10, 'medium', '{"сінабони","кориця","булочки","дріжджові","крем-сир"}', '{"baking","dessert"}', 5, 1, 0, 0, 1, 0, 'Тісто має добре відлипати від рук — якщо після довгого вимішування все ще липне, додайте трішечки борошна. Крем наносити саме на гарячі булочки, щоб він трохи розтанув та просочив тісто.', 'https://www.instagram.com/reel/DPoHfGFiN3v/', '2026-02-08T23:50:00.000Z', '2026-02-08T23:50:00.000Z'),

('dish-026', 'Круасани з шинкою і сиром', 'kruasany-z-shynkoyu-i-syrom', 'Швидкі круасани з готового листково-дріжджового тіста з начинкою з шинки та сиру, посипані кунжутом. Чудова закуска або перекус.', 4, 200, 'UAH', 15, 25, 40, 310, 8, 'easy', '{"круасани","шинка","сир","листкове тісто","кунжут","перекус"}', '{"snack","quick","everyday"}', 0, 3, 0, 0, 0, 3, 'Використовуйте готове листково-дріжджове тісто для швидкості. Можна експериментувати з начинками — додати гірчицю, зелень або інші сири.', 'https://www.instagram.com/reel/DP151uWDdhN/', '2026-02-08T23:55:00.000Z', '2026-02-08T23:55:00.000Z'),

('dish-027', 'Сочники з сиром', 'sochnyky-z-syrom', 'Класичні сочники — ніжне пісочне тісто на сметані з кисломолочною сирною начинкою. М''які, розсипчасті та дуже смачні. Вихід — 12-13 штук.', 5, 220, 'UAH', 80, 30, 110, 290, 13, 'easy', '{"сочники","сир","випічка","печиво","сметана"}', '{"baking","dessert","everyday"}', 4, 1, 1, 0, 0, 1, 'Тісто м''яке — обов''язково охолодити в холодильнику перед формуванням. Не кладіть занадто багато начинки, щоб сочники не розкрились під час випікання.', 'https://www.instagram.com/reel/DAOOwJzNs36/', '2026-02-09T00:00:00.000Z', '2026-02-09T00:00:00.000Z'),

('dish-028', 'Фрикадельки з макаронами в одній сковороді', 'frykadelky-z-makaronamy-v-odnii-skovorodi', 'Ситна вечеря в одній сковороді — маленькі фрикадельки з фаршу, обсмажені до рум''яності, з макаронами у томатному соусі. Швидко, просто і дуже смачно.', 5, 280, 'UAH', 15, 25, 40, 350, 4, 'easy', '{"фрикадельки","макарони","фарш","в одній сковороді","вечеря","томатний соус"}', '{"dinner","quick","everyday"}', 1, 3, 2, 0, 1, 5, 'Фарш краще готувати як на котлети — добре відбити для кращої консистенції. Фрикадельки мають бути маленькими, щоб швидше просмажились. Макарони обирайте дрібні — вони краще вбирають соус.', 'https://www.instagram.com/reel/DFDlh5kNRGo/', '2026-02-13T00:00:00.000Z', '2026-02-13T00:00:00.000Z'),

('dish-029', 'Трендовий пиріг з горішками та згущеним молоком', 'trendovyi-pyrih-z-horishkamy-ta-zhushchenym-molokom', 'Трендовий пиріг для поціновувачів горішків зі згущеним молоком — пісочне тісто з ніжною начинкою із вареного згущеного молока, сметани та горішків. Випікається при 170°C всього 35 хвилин.', 5, 250, 'UAH', 75, 35, 110, 380, 8, 'medium', '{"пиріг","горішки","згущене молоко","випічка","тренд","десерт"}', '{"dessert","baking"}', 5, 1, 1, 0, 0, 1, 'Масло обов''язково має бути м''яким, не розтопленим. Тісто потрібно охолодити мінімум годину — так воно краще тримає форму. Після випікання дайте пирогу добре охолонути — начинка стабілізується і буде тримати форму при нарізанні.', 'https://www.instagram.com/reels/DUYeIfQjKnF/', '2026-02-18T00:00:00.000Z', '2026-02-18T00:00:00.000Z'),

('dish-030', 'Торт «Черепашка»', 'tort-cherepashka', 'Домашній торт «Черепашка» з шоколадного бісквітного тіста та сметанно-шоколадного крему. Шматочки бісквіта занурюються в крем і викладаються гіркою.', 5, 220, 'UAH', 20, 15, 155, 360, 8, 'easy', '{"торт","черепашка","шоколадний","сметанний крем","десерт"}', '{"dessert","baking","festive"}', 5, 0, 1, 1, 0, 0, 'Крем обов''язково має охолонути перед додаванням сметани, щоб вона не згорнулась.', '', '2026-02-25T00:00:00.000Z', '2026-02-25T00:00:00.000Z');


-- ──────────────────────────────────────────────
-- DISH IMAGES
-- ──────────────────────────────────────────────

INSERT INTO dish_images (url, alt, "isPrimary", "dishId") VALUES
('/images/lazy-khachapuri.jpg', 'Ліниві хачапурі на чорній тарілці', true, 'dish-001'),
('/images/mlyntsi-kitchen.jpg', 'Млинці на тарілках на кухонному столі з гірляндою', false, 'dish-002'),
('/images/mlyntsi-top.jpg', 'Млинці трубочками, стопкою та трикутниками — вид зверху', true, 'dish-002'),
('/images/brizoli-oven.jpg', 'Млинці-брізолі у формі для випічки в духовці', true, 'dish-003'),
('/images/salmon-boats.jpg', 'Червона риба з овочами та грибами у формі для випічки в духовці', true, 'dish-004'),
('/images/poppy-kranch.jpg', 'Маковий кранч у скляній формі в духовці', true, 'dish-005'),
('/images/pasta-zapikanka.jpg', 'Запіканка з макаронами та фаршем у формі', true, 'dish-006'),
('/images/shokoladna-kovbaska.jpg', 'Шоколадна ковбаска нарізана кружальцями', true, 'dish-007'),
('/images/budget-mlyntsi.jpg', 'Бюджетні млинці на тарілці', true, 'dish-008'),
('/images/chebureki.jpg', 'Хрусткі чебуреки з м''ясною начинкою', true, 'dish-009'),
('/images/bulochky-z-makom.jpg', 'Пухкі булочки з маковою начинкою', true, 'dish-010'),
('/images/finskyi-mlynets.jpg', 'Фінський млинець-рулет нарізаний порціями', true, 'dish-011'),
('/images/kartoplia-z-farshem.jpg', 'Картопля з фаршем у духовці під заливкою', true, 'dish-012'),
('/images/yabluchnyi-pyrih.jpg', 'Яблучний пиріг з шматочками яблук', true, 'dish-013'),
('/images/varenyky-z-vyshneiu.jpg', 'Домашні вареники з вишнею на тарілці', true, 'dish-014'),
('/images/keks-zebra.jpg', 'Кекс Зебра з смугастим візерунком у розрізі', true, 'dish-015'),
('/images/huliash.jpg', 'Гуляш зі свинини з картоплею та грибами', true, 'dish-016'),
('/images/rizdviana-zirka.jpg', 'Різдвяна зірка з дріжджового тіста з начинкою', true, 'dish-017'),
('/images/uzbekskyi-plov.jpg', 'Узбекський плов з рисом та м''ясом', true, 'dish-018'),
('/images/pitsabony.jpg', 'Піцабони — рулетики з листкового тіста з шинкою та сиром', true, 'dish-019'),
('/images/trdelnyk.jpg', 'Трдельник з шоколадом та кокосовою стружкою', true, 'dish-020'),
('/images/trdelnyk2.jpg', 'Трдельник крупним планом', false, 'dish-020'),
('/images/cinnamon-bows.jpg', 'Булочки-бантики з корицею', true, 'dish-021'),
('/images/cheesecake-snickers.jpg', 'Чізкейк Снікерс з карамеллю та арахісом', true, 'dish-022'),
('/images/berry-muffins.jpg', 'Ягідні кекси з чорницями', true, 'dish-023'),
('/images/protein-bread.jpg', 'Високобілковий хліб з насінням', true, 'dish-024'),
('/images/cinnamon-rolls.jpg', 'Сінабони з корицею та кремом', true, 'dish-025'),
('/images/ham-cheese-croissants.jpg', 'Круасани з шинкою і сиром посипані кунжутом', true, 'dish-026'),
('/images/sochnyky.jpg', 'Сочники з сиром присипані цукровою пудрою', true, 'dish-027'),
('/images/frykadelky-pasta.jpg', 'Фрикадельки з макаронами у томатному соусі в сковороді', true, 'dish-028'),
('/images/trendovyi-pyrih-horishky.jpg', 'Трендовий пиріг з горішками та згущеним молоком', true, 'dish-029'),
('/images/tort-cherepashka.jpg', 'Торт Черепашка з шоколадним кремом', true, 'dish-030');


-- ──────────────────────────────────────────────
-- INGREDIENTS (per dish)
-- ──────────────────────────────────────────────

-- dish-001 Ліниві хачапурі
INSERT INTO ingredients (name, amount, unit, optional, "sortOrder", "dishId") VALUES
('Сметана 15%', '400', 'г', false, 0, 'dish-001'),
('Сіль', '1', 'ч.л.', false, 1, 'dish-001'),
('Цукор', '0.5', 'ч.л.', false, 2, 'dish-001'),
('Сода', '0.5', 'ч.л.', false, 3, 'dish-001'),
('Борошно', '400-450', 'г', false, 4, 'dish-001'),
('Сир моцарела', '300', 'г', false, 5, 'dish-001'),
('Сир сулугуні', '350', 'г', false, 6, 'dish-001'),
('Вершкове масло', '30', 'г', false, 7, 'dish-001');

-- dish-002 Млинці на молоці
INSERT INTO ingredients (name, amount, unit, optional, "sortOrder", "dishId") VALUES
('Яйця', '3', 'шт', false, 0, 'dish-002'),
('Молоко', '500', 'мл', false, 1, 'dish-002'),
('Борошно', '250', 'г', false, 2, 'dish-002'),
('Цукор', '2', 'ст.л.', false, 3, 'dish-002'),
('Сіль', '0.5', 'ч.л.', false, 4, 'dish-002'),
('Вершкове масло (розтоплене)', '30', 'г', false, 5, 'dish-002');

-- dish-003 Млинці-брізолі
INSERT INTO ingredients (name, amount, unit, optional, "sortOrder", "dishId") VALUES
('Яйця', '5', 'шт', false, 0, 'dish-003'),
('Молоко', '5', 'ст.л.', false, 1, 'dish-003'),
('Курячий фарш', '500', 'г', false, 2, 'dish-003'),
('Цибуля', '100', 'г', false, 3, 'dish-003'),
('Часник', '2', 'зубчики', false, 4, 'dish-003'),
('Сіль', 'за смаком', '', false, 5, 'dish-003'),
('Перець', 'за смаком', '', false, 6, 'dish-003'),
('Сир тертий', '80', 'г', false, 7, 'dish-003'),
('Мариновані огірки', '70', 'г', true, 8, 'dish-003'),
('Помідор', '70', 'г', true, 9, 'dish-003');

-- dish-004 Човники з червоною рибою
INSERT INTO ingredients (name, amount, unit, optional, "sortOrder", "dishId") VALUES
('Червона риба (стейки або філе)', '400', 'г', false, 0, 'dish-004'),
('Морква бейбі', '100', 'г', false, 1, 'dish-004'),
('Гриби', '150', 'г', false, 2, 'dish-004'),
('Помідори черрі', '100', 'г', false, 3, 'dish-004'),
('Оливкова олія', '2-3', 'ст.л.', false, 4, 'dish-004'),
('Соєвий соус', '1.5', 'ст.л.', false, 5, 'dish-004'),
('Мед', '1', 'ст.л.', false, 6, 'dish-004'),
('Гірчиця', '1', 'ч.л.', true, 7, 'dish-004'),
('Сік лимону', '5', 'мл', false, 8, 'dish-004'),
('Сіль, спеції', 'за смаком', '', false, 9, 'dish-004');

-- dish-005 Маковий кранч
INSERT INTO ingredients (name, amount, unit, optional, "sortOrder", "dishId") VALUES
('Борошно', '400', 'г', false, 0, 'dish-005'),
('Яйця', '2', 'шт', false, 1, 'dish-005'),
('Вершкове масло', '110', 'г', false, 2, 'dish-005'),
('Сухі швидкодіючі дріжджі', '4', 'г', false, 3, 'dish-005'),
('Молоко (для тіста)', '90', 'мл', false, 4, 'dish-005'),
('Цукор (для тіста)', '40', 'г', false, 5, 'dish-005'),
('Сіль', 'дрібка', '', false, 6, 'dish-005'),
('Ванілін', 'за смаком', '', true, 7, 'dish-005'),
('Мак', '250', 'г', false, 8, 'dish-005'),
('Цукор (для начинки)', '90', 'г', false, 9, 'dish-005'),
('Молоко (для начинки)', '150', 'мл', false, 10, 'dish-005'),
('Вода (для сиропу)', '2', 'ст.л.', true, 11, 'dish-005'),
('Цукор (для сиропу)', '3', 'ст.л.', true, 12, 'dish-005');

-- dish-006 Запіканка з макаронами
INSERT INTO ingredients (name, amount, unit, optional, "sortOrder", "dishId") VALUES
('Фарш', '500', 'г', false, 0, 'dish-006'),
('Макарони', '300', 'г', false, 1, 'dish-006'),
('Соус з часником та паприкою', '3', 'ст.л.', false, 2, 'dish-006'),
('Вершки', '200', 'мл', false, 3, 'dish-006'),
('Вершкове масло', '50', 'г', false, 4, 'dish-006'),
('Сир', '200', 'г', false, 5, 'dish-006'),
('Цибуля', '1', 'шт', false, 6, 'dish-006'),
('Сіль, спеції', 'за смаком', '', false, 7, 'dish-006');

-- dish-007 Шоколадна ковбаска
INSERT INTO ingredients (name, amount, unit, optional, "sortOrder", "dishId") VALUES
('Печиво', '400', 'г', false, 0, 'dish-007'),
('Вершкове масло', '160', 'г', false, 1, 'dish-007'),
('Горіхи', '150', 'г', false, 2, 'dish-007'),
('Цукор', '100', 'г', false, 3, 'dish-007'),
('Какао', '40', 'г', false, 4, 'dish-007'),
('Молоко', '80', 'мл', false, 5, 'dish-007');

-- dish-008 Бюджетні млинці
INSERT INTO ingredients (name, amount, unit, optional, "sortOrder", "dishId") VALUES
('Борошно', '2', 'склянки', false, 0, 'dish-008'),
('Вода', '2', 'склянки', false, 1, 'dish-008'),
('Сіль', 'дрібка', '', false, 2, 'dish-008'),
('Яйце', '1', 'шт', true, 3, 'dish-008');

-- dish-009 Чебуреки
INSERT INTO ingredients (name, amount, unit, optional, "sortOrder", "dishId") VALUES
('Окріп', '250', 'мл', false, 0, 'dish-009'),
('Олія (в тісто)', '4', 'ст.л.', false, 1, 'dish-009'),
('Сіль (для тіста)', '1', 'ч.л.', false, 2, 'dish-009'),
('Борошно', '500', 'г', false, 3, 'dish-009'),
('Фарш (яловичина + свинина)', '500', 'г', false, 4, 'dish-009'),
('Цибуля', '1', 'шт', false, 5, 'dish-009'),
('Кінза', 'за смаком', '', true, 6, 'dish-009'),
('Сіль, перець', 'за смаком', '', false, 7, 'dish-009'),
('Крижана вода (в начинку)', '200', 'мл', false, 8, 'dish-009'),
('Олія для смаження', '500', 'мл', false, 9, 'dish-009');

-- dish-010 Булочки з маком
INSERT INTO ingredients (name, amount, unit, optional, "sortOrder", "dishId") VALUES
('Молоко (для опари)', '250', 'мл', false, 0, 'dish-010'),
('Живі дріжджі', '25', 'г', false, 1, 'dish-010'),
('Цукор', '50', 'г', false, 2, 'dish-010'),
('Яйце', '1', 'шт', false, 3, 'dish-010'),
('Борошно', '500', 'г', false, 4, 'dish-010'),
('Сіль', '5', 'г', false, 5, 'dish-010'),
('Вершкове масло', '50', 'г', false, 6, 'dish-010'),
('Готовий мак (начинка)', '265', 'г', false, 7, 'dish-010');

-- dish-011 Фінський млинець-рулет
INSERT INTO ingredients (name, amount, unit, optional, "sortOrder", "dishId") VALUES
('Яйця', '4-5', 'шт', false, 0, 'dish-011'),
('Цукор', '1', 'ст.л.', false, 1, 'dish-011'),
('Сіль', 'дрібка', '', false, 2, 'dish-011'),
('Борошно', '180', 'г', false, 3, 'dish-011'),
('Молоко', '330', 'мл', false, 4, 'dish-011'),
('Вершкове масло', '30', 'г', false, 5, 'dish-011'),
('Кокосова стружка (топінг)', '30', 'г', true, 6, 'dish-011');

-- dish-012 Картопля з фаршем
INSERT INTO ingredients (name, amount, unit, optional, "sortOrder", "dishId") VALUES
('Картопля', '4', 'шт', false, 0, 'dish-012'),
('Фарш', '500', 'г', false, 1, 'dish-012'),
('Сіль, спеції', 'за смаком', '', false, 2, 'dish-012'),
('Томатна паста', '2', 'ст.л.', false, 3, 'dish-012'),
('Сметана', '3', 'ст.л.', false, 4, 'dish-012'),
('Вершки', '100', 'мл', false, 5, 'dish-012');

-- dish-013 Яблучний пиріг
INSERT INTO ingredients (name, amount, unit, optional, "sortOrder", "dishId") VALUES
('Яблука', '2-3', 'шт', false, 0, 'dish-013'),
('Борошно', '150', 'г', false, 1, 'dish-013'),
('Крохмаль', '30', 'г', false, 2, 'dish-013'),
('Вершкове масло', '150', 'г', false, 3, 'dish-013'),
('Цукор', '150', 'г', false, 4, 'dish-013'),
('Яйця', '2', 'шт', false, 5, 'dish-013'),
('Розпушувач', '1.25', 'ч.л.', false, 6, 'dish-013');

-- dish-014 Вареники з вишнею
INSERT INTO ingredients (name, amount, unit, optional, "sortOrder", "dishId") VALUES
('Борошно', '280', 'г', false, 0, 'dish-014'),
('Вода', '180', 'г', false, 1, 'dish-014'),
('Сіль', '0.5', 'ч.л.', false, 2, 'dish-014'),
('Рослинна олія', '3', 'ст.л.', false, 3, 'dish-014'),
('Вишні без кісточок', '300', 'г', false, 4, 'dish-014'),
('Цукор', '2', 'ст.л.', false, 5, 'dish-014'),
('Крохмаль', '1', 'ст.л.', false, 6, 'dish-014');

-- dish-015 Кекс Зебра
INSERT INTO ingredients (name, amount, unit, optional, "sortOrder", "dishId") VALUES
('Яйця', '5', 'шт', false, 0, 'dish-015'),
('Вершкове масло', '180', 'г', false, 1, 'dish-015'),
('Сметана', '200', 'г', false, 2, 'dish-015'),
('Цукор', '200', 'г', false, 3, 'dish-015'),
('Какао', '2', 'ст.л.', false, 4, 'dish-015'),
('Борошно', '250', 'г', false, 5, 'dish-015'),
('Розпушувач', '1', 'ч.л.', false, 6, 'dish-015'),
('Сода', '0.5', 'ч.л.', false, 7, 'dish-015');

-- dish-016 Гуляш зі свинини
INSERT INTO ingredients (name, amount, unit, optional, "sortOrder", "dishId") VALUES
('Свинина', '1', 'кг', false, 0, 'dish-016'),
('Цибуля велика', '1', 'шт', false, 1, 'dish-016'),
('Морква', '2', 'шт', false, 2, 'dish-016'),
('Картопля', '7', 'шт', false, 3, 'dish-016'),
('Печериці', '200', 'г', false, 4, 'dish-016'),
('Томатна паста', '2', 'ст.л.', false, 5, 'dish-016'),
('Борошно', '1', 'ст.л.', false, 6, 'dish-016'),
('Вода', '100', 'мл', false, 7, 'dish-016'),
('Сіль, перець, спеції', 'за смаком', '', false, 8, 'dish-016');

-- dish-017 Різдвяна зірка
INSERT INTO ingredients (name, amount, unit, optional, "sortOrder", "dishId") VALUES
('Молоко', '240', 'мл', false, 0, 'dish-017'),
('Живі дріжджі', '15', 'г', false, 1, 'dish-017'),
('Цукор', '110', 'г', false, 2, 'dish-017'),
('Яйця', '2', 'шт', false, 3, 'dish-017'),
('Вершкове масло', '70', 'г', false, 4, 'dish-017'),
('Борошно', '550', 'г', false, 5, 'dish-017'),
('Начинка (за бажанням)', '200', 'г', false, 6, 'dish-017'),
('Яйце (для змащування)', '1', 'шт', false, 7, 'dish-017');

-- dish-018 Узбекський плов
INSERT INTO ingredients (name, amount, unit, optional, "sortOrder", "dishId") VALUES
('Рис (довгий пропарений)', '500', 'г', false, 0, 'dish-018'),
('Цибуля', '500', 'г', false, 1, 'dish-018'),
('Морква', '500', 'г', false, 2, 'dish-018'),
('Свинина', '500', 'г', false, 3, 'dish-018'),
('Часник', '1', 'головка', false, 4, 'dish-018'),
('Олія', '50', 'мл', false, 5, 'dish-018'),
('Паприка', '1', 'ч.л.', false, 6, 'dish-018'),
('Куркума', '1', 'ч.л.', false, 7, 'dish-018'),
('Сіль', 'за смаком', '', false, 8, 'dish-018'),
('Чорний перець', 'за смаком', '', false, 9, 'dish-018'),
('Орегано', '0.5', 'ч.л.', true, 10, 'dish-018');

-- dish-019 Піцабони
INSERT INTO ingredients (name, amount, unit, optional, "sortOrder", "dishId") VALUES
('Листкове тісто', '500', 'г', false, 0, 'dish-019'),
('Шинка', '200', 'г', false, 1, 'dish-019'),
('Сир', '150', 'г', false, 2, 'dish-019'),
('Томатна паста', '2', 'ст.л.', false, 3, 'dish-019'),
('Яйце', '1', 'шт', false, 4, 'dish-019');

-- dish-020 Трдельник
INSERT INTO ingredients (name, amount, unit, optional, "sortOrder", "dishId") VALUES
('Борошно', '500', 'г', false, 0, 'dish-020'),
('Молоко (тепле)', '200', 'мл', false, 1, 'dish-020'),
('Яєчні жовтки', '3', 'шт', false, 2, 'dish-020'),
('Вершкове масло', '80', 'г', false, 3, 'dish-020'),
('Цукор (в тісто)', '50', 'г', false, 4, 'dish-020'),
('Сухі дріжджі', '7', 'г', false, 5, 'dish-020'),
('Сіль', '0.5', 'ч.л.', false, 6, 'dish-020'),
('Ванільний цукор', '1', 'пакетик', false, 7, 'dish-020'),
('Цукор (для обвалювання)', '100', 'г', false, 8, 'dish-020'),
('Кориця мелена', '1', 'ст.л.', false, 9, 'dish-020'),
('Подрібнені горіхи або кокосова стружка', '50', 'г', true, 10, 'dish-020');

-- dish-022 Чізкейк Snickers
INSERT INTO ingredients (name, amount, unit, optional, "sortOrder", "dishId") VALUES
('Цукрове печиво', '300', 'г', false, 0, 'dish-022'),
('Вершкове масло (для основи)', '100', 'г', false, 1, 'dish-022'),
('Какао порошок', '2', 'ст.л.', false, 2, 'dish-022'),
('Крем сир', '700', 'г', false, 3, 'dish-022'),
('Яйця', '3', 'шт', false, 4, 'dish-022'),
('Цукор', '130', 'г', false, 5, 'dish-022'),
('Ванільний цукор', '20', 'г', false, 6, 'dish-022'),
('Вершки 33-36%', '200', 'мл', false, 7, 'dish-022'),
('Лимонний сік', '1', 'ст.л.', false, 8, 'dish-022'),
('Цукор (для карамелі)', '150', 'г', false, 9, 'dish-022'),
('Вершкове масло (для карамелі)', '40', 'г', false, 10, 'dish-022'),
('Гарячі вершки (для карамелі)', '100', 'мл', false, 11, 'dish-022'),
('Сіль', '1', 'дрібка', false, 12, 'dish-022'),
('Арахіс підсмажений', '100', 'г', false, 13, 'dish-022');

-- dish-023 Ягідні кекси
INSERT INTO ingredients (name, amount, unit, optional, "sortOrder", "dishId") VALUES
('Борошно', '200', 'г', false, 0, 'dish-023'),
('Цукор', '100', 'г', false, 1, 'dish-023'),
('Вершкове масло', '90', 'г', false, 2, 'dish-023'),
('Молоко', '100', 'мл', false, 3, 'dish-023'),
('Яйця', '2', 'шт', false, 4, 'dish-023'),
('Розпушувач', '1', 'ч.л.', false, 5, 'dish-023'),
('Ягоди (чорниці)', '150', 'г', false, 6, 'dish-023');

-- dish-024 Високобілковий хліб
INSERT INTO ingredients (name, amount, unit, optional, "sortOrder", "dishId") VALUES
('Вівсяні пластівці', '250', 'г', false, 0, 'dish-024'),
('Яйця', '2', 'шт', false, 1, 'dish-024'),
('Сир кисломолочний', '500', 'г', false, 2, 'dish-024'),
('Сіль', '0.5', 'ч.л.', false, 3, 'dish-024'),
('Розпушувач', '1', 'ч.л.', false, 4, 'dish-024'),
('Насіння (зернята, кунжут)', '2-3', 'ст.л.', true, 5, 'dish-024');

-- dish-025 Сінабони з корицею
INSERT INTO ingredients (name, amount, unit, optional, "sortOrder", "dishId") VALUES
('Борошно', '540', 'г', false, 0, 'dish-025'),
('Молоко', '250', 'мл', false, 1, 'dish-025'),
('Сухі дріжджі', '8', 'г', false, 2, 'dish-025'),
('Яйця', '2', 'шт', false, 3, 'dish-025'),
('Вершкове масло (для тіста)', '85', 'г', false, 4, 'dish-025'),
('Цукор (для тіста)', '135', 'г', false, 5, 'dish-025'),
('Сіль', '5', 'г', false, 6, 'dish-025'),
('Цукор (для начинки)', '200', 'г', false, 7, 'dish-025'),
('Кориця', '30', 'г', false, 8, 'dish-025'),
('Вершкове масло (для начинки)', '80', 'г', false, 9, 'dish-025'),
('Крем сир', '200', 'г', false, 10, 'dish-025'),
('Цукрова пудра', '100', 'г', false, 11, 'dish-025');

-- dish-026 Круасани з шинкою і сиром
INSERT INTO ingredients (name, amount, unit, optional, "sortOrder", "dishId") VALUES
('Листково-дріжджове тісто', '500', 'г', false, 0, 'dish-026'),
('Шинка', '200', 'г', false, 1, 'dish-026'),
('Сир', '150', 'г', false, 2, 'dish-026'),
('Жовток', '1', 'шт', false, 3, 'dish-026'),
('Кунжут', '2', 'ст.л.', true, 4, 'dish-026');

-- dish-027 Сочники з сиром
INSERT INTO ingredients (name, amount, unit, optional, "sortOrder", "dishId") VALUES
('Борошно (для тіста)', '300', 'г', false, 0, 'dish-027'),
('Вершкове масло', '100', 'г', false, 1, 'dish-027'),
('Розпушувач', '1', 'ч.л.', false, 2, 'dish-027'),
('Яйце', '1', 'шт', false, 3, 'dish-027'),
('Цукор (для тіста)', '100', 'г', false, 4, 'dish-027'),
('Сметана (для тіста)', '100', 'г', false, 5, 'dish-027'),
('Ванільний цукор', '1', 'ч.л.', false, 6, 'dish-027'),
('Сир кисломолочний', '300', 'г', false, 7, 'dish-027'),
('Цукор (для начинки)', '2', 'ст.л.', false, 8, 'dish-027'),
('Борошно (для начинки)', '1', 'ст.л.', false, 9, 'dish-027'),
('Сметана (для начинки)', '1', 'ст.л.', false, 10, 'dish-027'),
('Білок', '1', 'шт', false, 11, 'dish-027'),
('Ванільний цукор (для начинки)', '1', 'ч.л.', false, 12, 'dish-027'),
('Жовток (для змащування)', '1', 'шт', false, 13, 'dish-027'),
('Цукрова пудра', '2', 'ст.л.', true, 14, 'dish-027');

-- dish-028 Фрикадельки з макаронами
INSERT INTO ingredients (name, amount, unit, optional, "sortOrder", "dishId") VALUES
('Фарш м''ясний', '500', 'г', false, 0, 'dish-028'),
('Вершкове масло', '30', 'г', false, 1, 'dish-028'),
('Часник', '2-3', 'зуб.', false, 2, 'dish-028'),
('Томатна паста', '2-3', 'ст.л.', false, 3, 'dish-028'),
('Дрібні макарони', '250', 'г', false, 4, 'dish-028'),
('Вода', '500', 'мл', false, 5, 'dish-028'),
('Сіль', '1', 'ч.л.', false, 6, 'dish-028'),
('Перець чорний', '0.5', 'ч.л.', false, 7, 'dish-028'),
('Травки/приправки', 'за смаком', '', true, 8, 'dish-028');

-- dish-029 Трендовий пиріг з горішками
INSERT INTO ingredients (name, amount, unit, optional, "sortOrder", "dishId") VALUES
('Борошно', '250', 'г', false, 0, 'dish-029'),
('Цукор', '50', 'г', false, 1, 'dish-029'),
('Сіль', '1', 'дрібка', false, 2, 'dish-029'),
('Яйце (тісто)', '1', 'шт.', false, 3, 'dish-029'),
('Вершкове масло', '100', 'г', false, 4, 'dish-029'),
('Розпушувач', '1', 'ч.л.', false, 5, 'dish-029'),
('Варене згущене молоко', '3', 'ст.л.', false, 6, 'dish-029'),
('Яйце (начинка)', '2', 'шт.', false, 7, 'dish-029'),
('Сметана', '4', 'ст.л.', false, 8, 'dish-029');

-- dish-030 Торт Черепашка
INSERT INTO ingredients (name, amount, unit, optional, "sortOrder", "dishId") VALUES
('Яйця', '6', 'шт', false, 0, 'dish-030'),
('Цукор (для тіста)', '1.5', 'склянки', false, 1, 'dish-030'),
('Сода, погашена оцтом', '1.5', 'ч.л.', false, 2, 'dish-030'),
('Какао (для тіста)', '2', 'ст.л.', false, 3, 'dish-030'),
('Борошно', '2', 'склянки', false, 4, 'dish-030'),
('Вершкове масло', '1', 'пачка', false, 5, 'dish-030'),
('Какао (для крему)', '2', 'ст.л.', false, 6, 'dish-030'),
('Цукор (для крему)', '1', 'склянка', false, 7, 'dish-030'),
('Сметана', '2', 'склянки', false, 8, 'dish-030');


-- ──────────────────────────────────────────────
-- COOKING STEPS (per dish)
-- ──────────────────────────────────────────────

-- dish-001 Ліниві хачапурі
INSERT INTO cooking_steps ("stepOrder", description, duration, "dishId") VALUES
(1, 'До сметани додати сіль, цукор і соду. Ретельно перемішати — сметана вступає в реакцію та стає більш пухкою.', 3, 'dish-001'),
(2, 'Поступово ввести борошно, підсипаючи частинами. Замісити м''яке, еластичне тісто — воно не повинно липнути до рук.', 5, 'dish-001'),
(3, 'Готове тісто сформувати в кульку та поділити на 4 рівні частини.', NULL, 'dish-001'),
(4, 'Моцарелу й сулугуні натерти на крупну терку, змішати. Поділити сирну масу на 4 частини та сформувати з кожної кульку.', 5, 'dish-001'),
(5, 'Кожен шматочок тіста розкачати, викласти всередину сирну кульку та ретельно защіпнути краї, щоб не залишалося отворів. Сформувати кульку й обережно розкачати качалкою в плаский хачапурі.', NULL, 'dish-001'),
(6, 'Смажити на добре розігрітій сухій сковороді на вогні нижче середнього. Готувати під кришкою, перевертаючи 2–3 рази до рум''яної скоринки з обох боків.', 15, 'dish-001'),
(7, 'Готові хачапурі одразу змастити вершковим маслом.', NULL, 'dish-001');

-- dish-002 Млинці на молоці
INSERT INTO cooking_steps ("stepOrder", description, duration, "dishId") VALUES
(1, 'Яйця збити з цукром і сіллю до однорідності.', 2, 'dish-002'),
(2, 'Додати половину молока та ВСЕ борошно. Замішати густеньке тісто без грудочок.', 3, 'dish-002'),
(3, 'Влити решту молока, перемішати до рідкої консистенції. Додати розтоплене вершкове масло.', 2, 'dish-002'),
(4, 'Добре розігріти сковороду, злегка змастити олією або маслом.', 2, 'dish-002'),
(5, 'Набирати тісто половником, наливати на сковороду тонким шаром, швидко обертаючи, щоб тісто розтеклось рівномірно.', NULL, 'dish-002'),
(6, 'Смажити на середньому вогні до золотистих бочків — приблизно 1–1.5 хвилини з кожного боку.', 25, 'dish-002'),
(7, 'Готові млинці складати стопкою, за бажанням змащуючи маслом. Подавати з улюбленою начинкою.', NULL, 'dish-002');

-- dish-003 Млинці-брізолі
INSERT INTO cooking_steps ("stepOrder", description, duration, "dishId") VALUES
(1, 'Збити яйця з молоком, сіллю і перцем. Посмажити тонкі яєчні млинці на сковороді з обох боків на малому вогні. Має вийти 6 млинців.', 10, 'dish-003'),
(2, 'Подрібнити цибулю і часник, додати до фаршу. Посолити, поперчити й все добре вимішати.', 5, 'dish-003'),
(3, 'Змастити кожен млинець тонким шаром фаршу. Викласти нарізаний огірок чи помідор, присипати тертим сиром.', NULL, 'dish-003'),
(4, 'Скрутити млинці в рулети й щільно укласти у форму для випічки.', 3, 'dish-003'),
(5, 'Запікати при 180°C протягом 30 хвилин. Подавати гарячими.', 30, 'dish-003');

-- dish-004 Човники з червоною рибою
INSERT INTO cooking_steps ("stepOrder", description, duration, "dishId") VALUES
(1, 'Філе рибки розділити на рівні шматочки. Кожен шматочок надрізати, але не до кінця, і вивернути — так рибка приготується швидше і буде соковитіша.', 5, 'dish-004'),
(2, 'З пергаменту зробити човники. Викласти в кожен овочі: нарізані четвертинками гриби, бейбі морквину, черрі. Трохи підсолити овочі. Зверху покласти шматочок риби.', NULL, 'dish-004'),
(3, 'Для соусу змішати оливкову олію, соєвий соус, лимонний сік, мед, гірчицю та спеції.', 2, 'dish-004'),
(4, 'Щіточкою змастити рибку соусом і трохи добавити до овочів.', 2, 'dish-004'),
(5, 'Запікати при 180°C протягом 20–25 хвилин.', 25, 'dish-004');

-- dish-005 Маковий кранч
INSERT INTO cooking_steps ("stepOrder", description, duration, "dishId") VALUES
(1, 'У молоко додати вершкове масло і злегка підігріти. Яйця дістати заздалегідь з холодильника.', 5, 'dish-005'),
(2, 'У 300 г борошна додати дріжджі, сіль і ванілін. До молочно-масляної суміші додати яйця, цукор і перемішати. Поступово всипати борошно, замісити м''яке тісто. Накрити і залишити на 60 хвилин.', 70, 'dish-005'),
(3, 'Начинка: мак залити водою, довести до кипіння і варити 10 хвилин. Злити воду, додати молоко і варити ще 10–15 хвилин. Злити рідину, пробити блендером. Додати цукор.', 30, 'dish-005'),
(4, 'Тісто обім''яти, розкачати у пласт ~40×50 см. Рівномірно розподілити макову начинку, відступивши від одного краю 4 см. Скрутити у щільний рулет, защіпнути шов.', NULL, 'dish-005'),
(5, 'Рулет розрізати вздовж посередині, відступивши від краю ~4 см. Акуратно переплести обидві частини між собою у косичку.', NULL, 'dish-005'),
(6, 'Форму (30×13 см) застелити пергаментом, перекласти кранч. Накрити рушником і залишити підходити на 25 хвилин.', 25, 'dish-005'),
(7, 'Випікати у розігрітій духовці при 170°C протягом 30–35 хвилин. За бажанням полити сиропом (вода + цукор, прокип''ятити).', 35, 'dish-005');

-- dish-006 Запіканка з макаронами
INSERT INTO cooking_steps ("stepOrder", description, duration, "dishId") VALUES
(1, 'Макарони відварити до напівготовності, злити воду.', 8, 'dish-006'),
(2, 'Цибулю подрібнити, обсмажити з фаршем до готовності. Додати соус, сіль та спеції.', 10, 'dish-006'),
(3, 'У форму для випікання викласти макарони, зверху фарш. Залити вершками, посипати тертим сиром.', NULL, 'dish-006'),
(4, 'Запікати у розігрітій духовці при 180°C протягом 20 хвилин до золотистої скоринки.', 20, 'dish-006');

-- dish-007 Шоколадна ковбаска
INSERT INTO cooking_steps ("stepOrder", description, duration, "dishId") VALUES
(1, 'Печиво порубати на шматочки різного розміру — частину крупніше, частину дрібніше.', 5, 'dish-007'),
(2, 'Горіхи підсмажити на сухій сковороді та порубати.', 5, 'dish-007'),
(3, 'Масло розтопити, додати цукор, какао та молоко. Перемішати до однорідності.', 5, 'dish-007'),
(4, 'Додати печиво та горіхи до шоколадної маси. Ретельно перемішати.', 3, 'dish-007'),
(5, 'Викласти масу на харчову плівку, сформувати щільну ковбаску. Загорнути та скрутити краї.', 5, 'dish-007'),
(6, 'Прибрати в холодильник мінімум на 3–4 години. Нарізати на кружальця перед подачею.', 180, 'dish-007');

-- dish-008 Бюджетні млинці
INSERT INTO cooking_steps ("stepOrder", description, duration, "dishId") VALUES
(1, 'Борошно змішати з сіллю. Поступово додавати воду, розмішуючи до однорідної рідкої консистенції.', 3, 'dish-008'),
(2, 'За бажанням додати яйце та перемішати.', 1, 'dish-008'),
(3, 'Розігріти сковороду, злегка змастити олією.', 1, 'dish-008'),
(4, 'Наливати тісто тонким шаром на гарячу сковороду, обсмажувати з двох боків до золотистого кольору.', 25, 'dish-008');

-- dish-009 Чебуреки
INSERT INTO cooking_steps ("stepOrder", description, duration, "dishId") VALUES
(1, 'Тісто: до окропу додати олію та сіль. Поступово всипати борошно, замісити еластичне тісто. Загорнути в плівку й прибрати в холодильник на 1 годину.', 70, 'dish-009'),
(2, 'Начинка: фарш змішати з дрібно нарізаною цибулею, кінзою, сіллю, перцем. Додати крижану воду — це зробить начинку соковитою.', 10, 'dish-009'),
(3, 'Тісто поділити на шматочки, кожен розкачати в тонкий кружечок. На одну половину викласти начинку, закрити другою, ретельно защіпнути краї виделкою.', NULL, 'dish-009'),
(4, 'Смажити у великій кількості розігрітої олії з обох боків до золотистої хрусткої скоринки.', 30, 'dish-009');

-- dish-010 Булочки з маком
INSERT INTO cooking_steps ("stepOrder", description, duration, "dishId") VALUES
(1, 'Опара: в теплому молоці розчинити дріжджі та цукор, додати яйце. Перемішати та залишити на 15 хвилин.', 15, 'dish-010'),
(2, 'До опари додати борошно, сіль і розм''якшене масло. Замісити м''яке тісто. Накрити та залишити підходити на 40 хвилин.', 45, 'dish-010'),
(3, 'Тісто обім''яти, поділити на порції. Кожну розкачати, покласти макову начинку, сформувати булочки.', NULL, 'dish-010'),
(4, 'Викласти на деко з пергаментом, дати підійти 15 хвилин. Випікати при 180°C 20–25 хвилин.', 25, 'dish-010');

-- dish-011 Фінський млинець-рулет
INSERT INTO cooking_steps ("stepOrder", description, duration, "dishId") VALUES
(1, 'Яйця збити з цукром та сіллю. Додати молоко, борошно та розтоплене масло. Перемішати до однорідності.', 5, 'dish-011'),
(2, 'Деко застелити пергаментом, вилити тісто рівним шаром.', 2, 'dish-011'),
(3, 'Випікати у розігрітій духовці при 200°C протягом 15–20 хвилин до золотистого кольору.', 20, 'dish-011'),
(4, 'Гарячий млинець посипати кокосовою стружкою та одразу скрутити в рулет. Нарізати порціями.', NULL, 'dish-011');

-- dish-012 Картопля з фаршем
INSERT INTO cooking_steps ("stepOrder", description, duration, "dishId") VALUES
(1, 'Картоплю почистити та нарізати кружальцями або часточками. Викласти у форму для випікання.', 10, 'dish-012'),
(2, 'Фарш посолити, додати спеції та рівномірно розподілити поверх картоплі.', 5, 'dish-012'),
(3, 'Заливка: змішати томатну пасту, сметану та вершки. Залити зверху.', 3, 'dish-012'),
(4, 'Запікати при 180°C до готовності картоплі — приблизно 40–45 хвилин.', 45, 'dish-012');

-- dish-013 Яблучний пиріг
INSERT INTO cooking_steps ("stepOrder", description, duration, "dishId") VALUES
(1, 'Яблука помити, очистити від серцевини та нарізати тонкими скибочками.', 5, 'dish-013'),
(2, 'Масло розтопити, додати цукор та яйця. Збити до однорідності.', 5, 'dish-013'),
(3, 'Додати борошно, крохмаль та розпушувач. Перемішати до гладкого тіста.', 3, 'dish-013'),
(4, 'Викласти тісто у змащену форму, зверху розкласти шматочки яблук.', 3, 'dish-013'),
(5, 'Випікати при 190°C протягом 30 хвилин до золотистого кольору. Перевірити готовність шпажкою.', 30, 'dish-013');

-- dish-014 Вареники з вишнею
INSERT INTO cooking_steps ("stepOrder", description, duration, "dishId") VALUES
(1, 'Борошно та сіль перемішати, зробити заглиблення. Влити воду та олію, замісити еластичне тісто. Накрити плівкою, дати відпочити 20 хвилин.', 25, 'dish-014'),
(2, 'Цукор змішати з крохмалем — це буде посипка для начинки.', 2, 'dish-014'),
(3, 'Тісто розділити на 2 частини, кожну розкачати в довгий джгутик і нарізати на шматочки. Кожен шматочок тонко розкачати в овал.', 10, 'dish-014'),
(4, 'На центр насипати трохи цукру з крохмалем, викласти 2–3 вишні. Защіпнути краї.', 10, 'dish-014'),
(5, 'Вареники опустити в киплячу воду, акуратно перемішати. Варити 5 хвилин після того, як спливуть. Вода не має активно кипіти.', 8, 'dish-014');

-- dish-015 Кекс Зебра
INSERT INTO cooking_steps ("stepOrder", description, duration, "dishId") VALUES
(1, 'Збити яйця з цукром до пишної маси. Додати розтоплене (не гаряче) масло, перемішати.', 5, 'dish-015'),
(2, 'Додати сметану та перемішати. Просіяти борошно з розпушувачем і содою, злегка вмішати.', 5, 'dish-015'),
(3, 'Розділити тісто на 2 частини. В одну додати какао та перемішати.', 2, 'dish-015'),
(4, 'Викладати тісто по черзі у форму — ложку світлого, потім ложку темного, поки тісто не закінчиться. За бажанням зробити візерунок шпажкою.', 5, 'dish-015'),
(5, 'Випікати у розігрітій духовці при 180°C протягом 45–55 хвилин. Перевірити готовність дерев''яною шпажкою.', 50, 'dish-015');

-- dish-016 Гуляш зі свинини
INSERT INTO cooking_steps ("stepOrder", description, duration, "dishId") VALUES
(1, 'Свинину нарізати шматочками, обсмажити на сковороді до золотистої скоринки.', 10, 'dish-016'),
(2, 'Додати нарізану цибулю та моркву, обсмажити 5 хвилин.', 5, 'dish-016'),
(3, 'Додати нарізані печериці та томатну пасту, перемішати. Присипати борошном.', 5, 'dish-016'),
(4, 'Додати нарізану картоплю, залити водою. Посолити, поперчити, додати спеції. Тушкувати під кришкою до готовності картоплі.', 25, 'dish-016');

-- dish-017 Різдвяна зірка
INSERT INTO cooking_steps ("stepOrder", description, duration, "dishId") VALUES
(1, 'Із усіх інгредієнтів замісити м''яке тісто. Накрити та залишити підходити на 1 годину.', 65, 'dish-017'),
(2, 'Розділити тісто на 6 рівних частин (з цієї кількості вийде 2 пироги). Кожну частину розкачати в круглий пласт.', 10, 'dish-017'),
(3, 'Перший пласт викласти на пергамент, розподілити начинку. Накрити другим пластом, знову начинка, зверху третій. Посередині покласти круглу тарілочку.', NULL, 'dish-017'),
(4, 'Розрізати на 12 рівних частин (від тарілочки до краю). Кожні дві частини прокрутити та добре защіпнути краї.', 5, 'dish-017'),
(5, 'Накрити та залишити на 20–30 хвилин. Змастити збитим яйцем.', 25, 'dish-017'),
(6, 'Випікати у розігрітій духовці при 180°C протягом 20–25 хвилин до золотистого кольору.', 25, 'dish-017');

-- dish-018 Узбекський плов
INSERT INTO cooking_steps ("stepOrder", description, duration, "dishId") VALUES
(1, 'Рис гарно промити під проточною водою та залишити замочуватись на 30 хвилин.', 30, 'dish-018'),
(2, 'На олії обсмажити цибулю до легкої золотистості, додати нарізане м''ясо, обсмажити. Потім додати нарізану соломкою моркву.', 15, 'dish-018'),
(3, 'Додати приправи (паприку, куркуму, сіль, перець, орегано), залити водою. Всередину покласти цілу головку часнику. Тушкувати під кришкою 40–60 хвилин.', 50, 'dish-018'),
(4, 'Зверху рівномірно розподілити рис, залити водою на палець вище рису. Готувати під кришкою на великому вогні, поки вода не зрівняється з рисом.', 10, 'dish-018'),
(5, 'Зменшити вогонь до мінімуму та готувати до повної готовності рису.', 20, 'dish-018'),
(6, 'Вимкнути вогонь і дати плову настоятись 30 хвилин під кришкою. Перед подачею акуратно перемішати.', 30, 'dish-018');

-- dish-019 Піцабони
INSERT INTO cooking_steps ("stepOrder", description, duration, "dishId") VALUES
(1, 'Листкове тісто розморозити та розкачати у тонкий пласт. Змастити томатною пастою.', 5, 'dish-019'),
(2, 'Шинку та сир натерти на терці. Рівномірно розподілити начинку по тісту.', 3, 'dish-019'),
(3, 'Згорнути тісто у щільний рулет. Нарізати на кружальця товщиною ~2 см.', 3, 'dish-019'),
(4, 'Викласти кружальця на деко з пергаментом, змастити збитим яйцем.', 2, 'dish-019'),
(5, 'Запікати при 180°C протягом 18–20 хвилин до золотистого кольору.', 20, 'dish-019');

-- dish-020 Трдельник
INSERT INTO cooking_steps ("stepOrder", description, duration, "dishId") VALUES
(1, 'У теплому молоці розчинити дріжджі та 1 ст.л. цукру. Залишити на 10 хвилин до появи піни.', 10, 'dish-020'),
(2, 'До борошна додати сіль, цукор, ванільний цукор, жовтки та розм''якшене масло. Влити дріжджову суміш і замісити м''яке еластичне тісто. Накрити та залишити підходити на 60 хвилин.', 65, 'dish-020'),
(3, 'Тісто обім''яти та поділити на 6 частин. Кожну частину розкачати у довгу смужку шириною ~2 см.', NULL, 'dish-020'),
(4, 'Намотати смужку тіста спіраллю на дерев''яний або металевий валик (або на конус з фольги), злегка розтягуючи.', 10, 'dish-020'),
(5, 'Випікати у розігрітій духовці при 200°C протягом 15–20 хвилин, обертаючи для рівномірного підрум''янювання.', 20, 'dish-020'),
(6, 'Гарячий трдельник змастити розтопленим маслом та обваляти у суміші цукру, кориці та горіхів або кокосової стружки.', NULL, 'dish-020');

-- dish-022 Чізкейк Snickers
INSERT INTO cooking_steps ("stepOrder", description, duration, "dishId") VALUES
(1, 'Печиво подрібнити в крихту, додати розтоплене вершкове масло та какао порошок. Все ретельно перемішати.', 5, 'dish-022'),
(2, 'У роз''ємній формі, застеленій пергаментом, сформувати основу та бортики за допомогою склянки. Відправити на 30 хв. до холодильника або морозильної камери.', 30, 'dish-022'),
(3, 'Для чізкейку крем сир поєднати з яйцями, цукром, ванільним цукром, вершками. Все перемішати вінчиком до однорідності, вкінці додати лимонний сік.', 10, 'dish-022'),
(4, 'Випікати чізкейк у розігрітій до 200°C духовці 10 хв., після чого зменшити температуру до 110°C і випікати ще 45 хв.', 55, 'dish-022'),
(5, 'Дати чізкейку повністю охолонути. Структура гарячого чізкейка трішки грає всередині, але після охолодження стає стабільною.', NULL, 'dish-022'),
(6, 'Для карамелі у посудині з товстим дном на мінімальному вогні розтопити цукор, додати вершкове масло, гарячі вершки та сіль. Проварити 4-5 хв. — карамель має трішки загуснути та ліниво стікати з лопатки.', 10, 'dish-022'),
(7, 'До теплої (не гарячої) карамелі додати підсмажений арахіс, покрити чізкейк зверху та відправити на 6-8 год. до холодильника.', 420, 'dish-022');

-- dish-023 Ягідні кекси
INSERT INTO cooking_steps ("stepOrder", description, duration, "dishId") VALUES
(1, 'До масла кімнатної температури додати цукор і ретельно перемішати.', 2, 'dish-023'),
(2, 'Додати яйця та молоко, перемішати до однорідності.', 2, 'dish-023'),
(3, 'Просіяти борошно з розпушувачем, додати до тіста і ретельно перемішати.', 3, 'dish-023'),
(4, 'Додати ягоди (можна будь-які — чорниці, малину тощо). Акуратно перемішати, щоб не пошкодити ягоди.', 2, 'dish-023'),
(5, 'Викласти тісто у форми для кексів і випікати при 200°C протягом 20 хвилин до зарум''янення.', 20, 'dish-023');

-- dish-024 Високобілковий хліб
INSERT INTO cooking_steps ("stepOrder", description, duration, "dishId") VALUES
(1, 'Вівсяні пластівці перемолоти в блендері до стану борошна.', 2, 'dish-024'),
(2, 'До кисломолочного сиру додати яйця та переблендерити до однорідності.', 2, 'dish-024'),
(3, 'Всипати вівсяне борошно, змішане з розпушувачем та сіллю, і замісити однорідну масу.', 3, 'dish-024'),
(4, 'Розділити тісто на дві частини, викласти на деко, застелене просиліконеним пергаментом. Сформувати дві булки та посипати насінням.', 3, 'dish-024'),
(5, 'Випікати в добре розігрітій духовці при 180°C протягом 45-55 хвилин (орієнтуватися на свою духовку).', 50, 'dish-024');

-- dish-025 Сінабони з корицею
INSERT INTO cooking_steps ("stepOrder", description, duration, "dishId") VALUES
(1, 'Приготувати опару: у теплому молоці розчинити дріжджі, додати трішки цукру та борошна. Перемішати, накрити та залишити в теплому місці на 10-15 хвилин.', 15, 'dish-025'),
(2, 'Просіяти борошно, додати цукор та сіль, перемішати. Вбити яйця, влити опару та розтоплене вершкове масло. Замісити тісто спочатку лопаткою, потім руками, поки не перестане липнути.', 15, 'dish-025'),
(3, 'Сформувати кульку, покласти в змащену олією миску, накрити харчовою плівкою та залишити в теплому місці на 1-2 години до подвоєння об''єму.', 120, 'dish-025'),
(4, 'Тісто обім''яти та розкачати у прямокутник товщиною 0.5 см. Змастити м''яким вершковим маслом та рівномірно посипати сумішшю цукру з корицею, залишивши один край без посипки.', 10, 'dish-025'),
(5, 'Скрутити тісто в тугий рулет та нарізати на 8-10 рівних частин. Викласти у форму для випікання.', 5, 'dish-025'),
(6, 'Випікати в розігрітій до 180°C духовці протягом 30-35 хвилин до золотистого кольору.', 35, 'dish-025'),
(7, 'Для крему змішати крем-сир з цукровою пудрою до однорідності. Гарячі булочки відразу змастити кремом та дати постояти 10 хвилин.', 12, 'dish-025');

-- dish-026 Круасани з шинкою і сиром
INSERT INTO cooking_steps ("stepOrder", description, duration, "dishId") VALUES
(1, 'Листково-дріжджове тісто розкачати та нарізати на трикутники.', 5, 'dish-026'),
(2, 'На широкий край кожного трикутника покласти шинку та сир.', 5, 'dish-026'),
(3, 'Скрутити круасани від широкого краю до вузького, надаючи їм характерну форму.', 5, 'dish-026'),
(4, 'Змастити круасани збитим жовтком та посипати кунжутом.', 2, 'dish-026'),
(5, 'Випікати в розігрітій до 180°C духовці протягом 20-30 хвилин до золотистого кольору.', 25, 'dish-026');

-- dish-027 Сочники з сиром
INSERT INTO cooking_steps ("stepOrder", description, duration, "dishId") VALUES
(1, 'До борошна додати розпушувач і м''яке вершкове масло, перетерти руками в крихту.', 5, 'dish-027'),
(2, 'В окремій мисці з''єднати яйце, цукор, ванільний цукор і сметану. Додати до борошняної крихти та замісити м''яке тісто. Загорнути в пакет і відправити в холодильник на 1 годину.', 65, 'dish-027'),
(3, 'Для начинки з''єднати сир, цукор, борошно, сметану, білок і ванільний цукор. Перемішати до однорідності.', 5, 'dish-027'),
(4, 'Тісто поділити на 12-13 частин. Кожну розкачати в коло, на одну половину викласти чайну ложку сирної начинки і накрити другою половиною тіста.', 15, 'dish-027'),
(5, 'Змастити сочники жовтком і випікати в розігрітій до 180°C духовці протягом 30 хвилин.', 30, 'dish-027'),
(6, 'За бажанням остиглі сочники присипати цукровою пудрою.', NULL, 'dish-027');

-- dish-028 Фрикадельки з макаронами
INSERT INTO cooking_steps ("stepOrder", description, duration, "dishId") VALUES
(1, 'Фарш добре відбити, приправити сіллю та перцем. Сформувати маленькі фрикадельки.', 10, 'dish-028'),
(2, 'Обсмажити фрикадельки на максимальному вогні до рум''яної скоринки з усіх боків.', 5, 'dish-028'),
(3, 'Додати шматочок вершкового масла та подрібнений часник, перемішати.', 2, 'dish-028'),
(4, 'Додати томатну пасту, травки та приправки. Добре перемішати.', 2, 'dish-028'),
(5, 'Всипати макарони, влити воду. Перемішати та готувати під кришкою до готовності макаронів.', 15, 'dish-028'),
(6, 'Перемішати, за потреби досолити. Подавати гарячим.', NULL, 'dish-028');

-- dish-029 Трендовий пиріг з горішками
INSERT INTO cooking_steps ("stepOrder", description, duration, "dishId") VALUES
(1, 'Готуємо тісто. Масло заздалегідь дістаємо з холодильника — воно має бути м''яким. Змішуємо цукор, сіль, яйце, м''яке вершкове масло та розпушувач.', 5, 'dish-029'),
(2, 'Вводимо борошно частинами, замішуємо тісто. Загортаємо у плівку та прибираємо в холодильник на годину.', 65, 'dish-029'),
(3, 'Готуємо начинку. Змішуємо варене згущене молоко, яйця та сметану до однорідності.', 5, 'dish-029'),
(4, 'Дістаємо тісто з холодильника, розкачуємо та викладаємо у форму для випікання, формуючи бортики. Виливаємо начинку, зверху розкладаємо горішки.', 10, 'dish-029'),
(5, 'Випікаємо у попередньо розігрітій до 170°C духовці орієнтовно 35 хвилин до золотистого кольору.', 35, 'dish-029'),
(6, 'Дати пирогу охолонути при кімнатній температурі, а потім поставити в холодильник ще на годину перед подачею.', 60, 'dish-029');

-- dish-030 Торт Черепашка
INSERT INTO cooking_steps ("stepOrder", description, duration, "dishId") VALUES
(1, 'Для тіста з''єднати яйця, цукор, соду (погашену оцтом), какао та борошно. Добре перемішати до однорідності.', 10, 'dish-030'),
(2, 'Викласти тісто у форму та випікати при 180°C приблизно 15 хвилин.', 15, 'dish-030'),
(3, 'Для крему розтопити вершкове масло, додати какао й цукор, перемішати до однорідності.', 5, 'dish-030'),
(4, 'Дати масі охолонути, після чого додати сметану та перемішати до кремової консистенції.', 10, 'dish-030'),
(5, 'Готовий корж нарізати кубиками. Кожен кубик занурити в крем і викласти гіркою у формі «черепашки».', NULL, 'dish-030'),
(6, 'Поставити торт у холодильник до повного охолодження й стабілізації крему.', 120, 'dish-030');


-- ──────────────────────────────────────────────
-- INITIAL CHANGELOG ENTRIES
-- ──────────────────────────────────────────────

INSERT INTO changelog (version, title, description, action, "dishId", "dishTitle", changes, date) VALUES
('1.0.0', '🚀 Запуск Архіву Страв', 'Перший реліз із 30 рецептами! Перехід на PostgreSQL базу даних.', 'added', NULL, NULL, '{"Додано 30 рецептів у базу даних","Створено повноцінну PostgreSQL базу","Додано сторінку Історії змін","Впроваджено автоматичне відстеження змін у стравах","Виправлено закриття фільтрів на десктопі"}', '2026-02-28T10:00:00.000Z');
